{
  "K": [
    [
      723.5974326590966,
      0.0,
      332.23374018204487
    ],
    [
      0.0,
      722.298586415405,
      223.62336488091682
    ],
    [
      0.0,
      0.0,
      1.0
    ]
  ],
  "D": [
    [
      0.032759255310163264,
      0.996325049271442,
      -0.004226389456895447,
      -0.005773816559994941,
      -3.1562699545732427
    ]
  ],
  "fisheye": false
}
