{
    "K": [
        [
            353.2611416810654,
            0.0,
            300.6193103731693
        ],
        [
            0.0,
            352.54341838549567,
            247.89803182371418
        ],
        [
            0.0,
            0.0,
            1.0
        ]
    ],
    "D": [
        [
            -0.00910966749454827
        ],
        [
            0.018081955165379877
        ],
        [
            -0.10198546725780777
        ],
        [
            0.10106807104151658
        ]
    ],
    "fisheye": true
}