{
    "K": [
        [
            300.72663610167183,
            0.0,
            309.7391345679897
        ],
        [
            0.0,
            302.3122366058287,
            247.62449037085906
        ],
        [
            0.0,
            0.0,
            1.0
        ]
    ],
    "D": [
        [
            0.10937197952499221
        ],
        [
            -0.02103254709230452
        ],
        [
            -0.0321301969861847
        ],
        [
            0.035798005561455314
        ]
    ],
    "fisheye": true
}