p_id,条件,回数,frame,distance
1,1,1,67,9.885848471426215
1,1,1,68,9.885848471426215
1,1,1,69,10.062305898749054
1,1,1,70,10.00199980003999
1,1,3,118,11.363538181394034
1,1,3,119,11.363538181394034
1,1,3,120,11.7957619508025
1,1,3,121,12.317873193047573
1,1,3,122,12.317873193047573
1,1,3,123,12.75774274705365
1,1,3,124,13.06981254647518
1,1,4,44,9.042676594902641
